Country,Year,Estimate of costs in 2014 EUR,Persons deported or who left following an order to leave (low estimate),CategoryID_low number,Persons deported or who left following an order to leave (high estimate),CategoryID_high number,Source low number,Page,Source high number,Page,APRF exécutés,détails,Forced returns (1),Forced returns source
AT,2000,78 000 000,8 935,?,,,http://ec.europa.eu/dgs/home-affairs/what-we-do/networks/european_migration_network/reports/docs/emn-studies/return-migration/1b._at_emn_ncp_return_country_study_final_de_version_de.pdf,100,,,,Abschiebungen,,
AT,2001,73 000 000,8 324,?,,,http://ec.europa.eu/dgs/home-affairs/what-we-do/networks/european_migration_network/reports/docs/emn-studies/return-migration/1b._at_emn_ncp_return_country_study_final_de_version_de.pdf,100,,,,Abschiebungen,,
AT,2002,60 000 000,6 842,?,,,http://ec.europa.eu/dgs/home-affairs/what-we-do/networks/european_migration_network/reports/docs/emn-studies/return-migration/1b._at_emn_ncp_return_country_study_final_de_version_de.pdf,100,,,,Abschiebungen,,
AT,2003,70 000 000,8 073,?,,,http://ec.europa.eu/dgs/home-affairs/what-we-do/networks/european_migration_network/reports/docs/emn-studies/return-migration/1b._at_emn_ncp_return_country_study_final_de_version_de.pdf,100,,,,Abschiebungen,,
AT,2004,46 000 000,5 274,?,,,http://ec.europa.eu/dgs/home-affairs/what-we-do/networks/european_migration_network/reports/docs/emn-studies/return-migration/1b._at_emn_ncp_return_country_study_final_de_version_de.pdf,100,,,,Abschiebungen,,
AT,2005,58 000 000,6 638,1-2-6,,,http://ec.europa.eu/dgs/home-affairs/what-we-do/networks/european_migration_network/reports/docs/emn-studies/irregular-migration/at_20120823_irregular_migration_en_version_final_en.pdf,73,,,,,4 277,http://www.ccme.be/fileadmin/filer/ccme/20_Areas_of_Work/01_Refugee_Protection/2007-09-30_Monitoring_Forced_Returns.pdf
AT,2006,62 000 000,7 072,1-2-6,,,http://ec.europa.eu/dgs/home-affairs/what-we-do/networks/european_migration_network/reports/docs/emn-studies/irregular-migration/at_20120823_irregular_migration_en_version_final_en.pdf,73,,,,,4 090,http://www.ccme.be/fileadmin/filer/ccme/20_Areas_of_Work/01_Refugee_Protection/2007-09-30_Monitoring_Forced_Returns.pdf
AT,2007,46 000 000,5 293,1-2-6,,,http://ec.europa.eu/dgs/home-affairs/what-we-do/networks/european_migration_network/reports/docs/emn-studies/irregular-migration/at_20120823_irregular_migration_en_version_final_en.pdf,73,,,,,,
AT,2008,51 000 000,5 855,1-2-6,,,Eurostat: migr_eirtn_1_Data.csv,,,,,,,
AT,2009,56 000 000,6 410,1-2-6,,,Eurostat: migr_eirtn_1_Data.csv,,,,,,,
AT,2010,55 000 000,6 335,1-2-6,,,Eurostat: migr_eirtn_1_Data.csv,,,,,,,
AT,2011,46 000 000,5 225,1-2-6,,,Eurostat: migr_eirtn_1_Data.csv,,,,,,,
AT,2012,41 000 000,4 695,1-2-6,,,Eurostat: migr_eirtn_1_Data.csv,,,,,,,
AT,2013,59 000 000,6 790,1-2-6,,,Eurostat: migr_eirtn_1_Data.csv,,,,,,,
BE,2000,31 000 000,3 301,1-2-6,,,https://dofi.ibz.be/sites/dvzoe/FR/Documents/2010fr.pdf,144,,,,,,
BE,2001,57 000 000,5 994,1-2-6,,,https://dofi.ibz.be/sites/dvzoe/FR/Documents/2010fr.pdf,144,,,,,,
BE,2002,73 000 000,7 677,1-2-6,,,https://dofi.ibz.be/sites/dvzoe/FR/Documents/2010fr.pdf,144,,,,,,
BE,2003,75 000 000,7 913,1-2-6,,,https://dofi.ibz.be/sites/dvzoe/FR/Documents/2010fr.pdf,144,,,,,,
BE,2004,62 000 000,6 616,1-2-6,,,https://dofi.ibz.be/sites/dvzoe/FR/Documents/2010fr.pdf,144,,,,,,
BE,2005,67 000 000,7 136,1-2-6,,,https://dofi.ibz.be/sites/dvzoe/FR/Documents/2010fr.pdf,144,,,,,,
BE,2006,70 000 000,7 379,1-2-6,,,https://dofi.ibz.be/sites/dvzoe/FR/Documents/2010fr.pdf,144,,,,,,
BE,2007,46 000 000,4 918,1-2-6,,,https://dofi.ibz.be/sites/dvzoe/FR/Documents/2010fr.pdf,144,,,,,,
BE,2008,15 000 000,3 965,1-2-6,4 091,1-2-6,https://dofi.ibz.be/sites/dvzoe/FR/Documents/2010fr.pdf,144,Eurostat: migr_eirtn_1_Data.csv,,,,,
BE,2009,58 000 000,3 791,1-2-6,4 060,1-2-6,https://dofi.ibz.be/sites/dvzoe/FR/Documents/2010fr.pdf,144,Eurostat: migr_eirtn_1_Data.csv,,,,,
BE,2010,64 000 000,3 586,1-2-6,4 415,1-2-6,https://dofi.ibz.be/sites/dvzoe/FR/Documents/2010fr.pdf,144,Eurostat: migr_eirtn_1_Data.csv,,,,,
BE,2011,1 000 000,5 890,1-2-6,,,Eurostat: migr_eirtn_1_Data.csv,,,,,,,
BE,2012,1 000 000,7 840,1-2-6,,,Eurostat: migr_eirtn_1_Data.csv,,,,,,,
BE,2013,1 000 000,7 170,1-2-6,,,Eurostat: migr_eirtn_1_Data.csv,,,,,,,
BE,2014,53 000 000,5 575,1-2-6,,,Eurostat: migr_eirtn_1_Data.csv,,,,,,,
BG,2004,0,,,,,,,,,,,,
BG,2005,0,,,,,,,,,,,,
BG,2006,0,,,,,,,,,,,,
BG,2007,0,,,,,,,,,,,,
BG,2008,2 000 000,275,1-2-6,,,Eurostat: migr_eirtn_1_Data.csv,,,,,,,
BG,2009,2 000 000,285,1-2-6,,,Eurostat: migr_eirtn_1_Data.csv,,,,,,,
BG,2010,3 000 000,295,1-2-6,,,Eurostat: migr_eirtn_1_Data.csv,,,,,,,
BG,2011,6 000 000,665,1-2-6,,,Eurostat: migr_eirtn_1_Data.csv,,,,,,,
BG,2012,7 000 000,835,1-2-6,,,Eurostat: migr_eirtn_1_Data.csv,,,,,,,
BG,2013,10 000 000,1 100,1-2-6,,,Eurostat: migr_eirtn_1_Data.csv,,,,,,,
BG,2014,10 000 000,1 155,1-2-6,,,,,,,,,,
CH,2014,29 000 000,6 146,1-2,,,http://www.swissinfo.ch/eng/society/asylum_deportation-of-asylum-seekers-cost-chf8.5-million/41264142,,,,,,,
CH,2013,9 000 000,7752,,,,,,,,,,,
CH,2012,0,,,,,,,,,,,,
CH,2011,0,,,,,,,,,,,,
CH,2010,0,,,,,,,,,,,,
CH,2009,0,,,,,,,,,,,,
CY,2004,0,,,,,,,,,,,,
CY,2005,0,,,,,,,,,,,,
CY,2006,0,,,,,,,,,,,,
CY,2007,0,,,,,,,,,,,,
CY,2008,30 000 000,3 480,1-2-6,,,Eurostat: migr_eirtn_1_Data.csv,,,,,,,
CY,2009,39 000 000,4 520,1-2-6,,,Eurostat: migr_eirtn_1_Data.csv,,,,,,,
CY,2010,35 000 000,4 065,1-2-6,,,Eurostat: migr_eirtn_1_Data.csv,,,,,,,
CY,2011,40 000 000,4 605,1-2-6,,,Eurostat: migr_eirtn_1_Data.csv,,,,,,,
CY,2012,38 000 000,4 370,1-2-6,,,Eurostat: migr_eirtn_1_Data.csv,,,,,,,
CY,2013,35 000 000,4 025,1-2-6,,,Eurostat: migr_eirtn_1_Data.csv,,,,,,,
CY,2014,26 000 000,2 990,1-2-6,,,Eurostat: migr_eirtn_1_Data.csv,,,,,,,
CZ,2004,0,,,,,,,,,,,,
CZ,2005,0,,,,,,,,,,,,
CZ,2006,0,,,,,,,,,,,,
CZ,2007,0,,,,,,,,,,,,
CZ,2008,5 000 000,585,1-2-6,,,Eurostat: migr_eirtn_1_Data.csv,,,,,,,
CZ,2009,7 000 000,850,1-2-6,,,Eurostat: migr_eirtn_1_Data.csv,,,,,,,
CZ,2010,8 000 000,920,1-2-6,,,Eurostat: migr_eirtn_1_Data.csv,,,,,,720,Czech police
CZ,2011,5 000 000,530,1-2-6,,,Eurostat: migr_eirtn_1_Data.csv,,,,,,,
CZ,2012,4 000 000,430,1-2-6,,,Eurostat: migr_eirtn_1_Data.csv,,,,,,262,Czech police
CZ,2013,3 000 000,330,1-2-6,,,Eurostat: migr_eirtn_1_Data.csv,,,,,,,
CZ,2014,3 000 000,320,1-2-6,,,Eurostat: migr_eirtn_1_Data.csv,,,,,,175,Czech police
DE,2000,44 542 000 000,35 444,,183 486,1-2-6,http://www.bamf.de/SharedDocs/Anlagen/DE/Publikationen/Migrationsberichte/migrationsbericht-2013.pdf?__blob=publicationFile,141,https://books.google.de/books?id=goubBAAAQBAJ&lpg=PA172&ots=2nR0YgqtAc&dq=Third%20country%20nationals%20returned%20following%20an%20order%20to%20leave&hl=fr&pg=PA172#v=twopage&q=Third%20country%20nationals%20returned%20following%20an%20order%20to%20leave&f=true,171,,Abschiebungen,,
DE,2001,35 064 000 000,27 902,,109 946,1-2-6,http://www.bamf.de/SharedDocs/Anlagen/DE/Publikationen/Migrationsberichte/migrationsbericht-2013.pdf?__blob=publicationFile,141,https://books.google.de/books?id=goubBAAAQBAJ&lpg=PA172&ots=2nR0YgqtAc&dq=Third%20country%20nationals%20returned%20following%20an%20order%20to%20leave&hl=fr&pg=PA172#v=twopage&q=Third%20country%20nationals%20returned%20following%20an%20order%20to%20leave&f=true,171,,Abschiebungen,,
DE,2002,36 489 000 000,29 036,,99 151,1-2-6,http://www.bamf.de/SharedDocs/Anlagen/DE/Publikationen/Migrationsberichte/migrationsbericht-2013.pdf?__blob=publicationFile,141,https://books.google.de/books?id=goubBAAAQBAJ&lpg=PA172&ots=2nR0YgqtAc&dq=Third%20country%20nationals%20returned%20following%20an%20order%20to%20leave&hl=fr&pg=PA172#v=twopage&q=Third%20country%20nationals%20returned%20following%20an%20order%20to%20leave&f=true,171,,Abschiebungen,,
DE,2003,33 286 000 000,26 487,,91 761,1-2-6,http://www.bamf.de/SharedDocs/Anlagen/DE/Publikationen/Migrationsberichte/migrationsbericht-2013.pdf?__blob=publicationFile,141,https://books.google.de/books?id=goubBAAAQBAJ&lpg=PA172&ots=2nR0YgqtAc&dq=Third%20country%20nationals%20returned%20following%20an%20order%20to%20leave&hl=fr&pg=PA172#v=twopage&q=Third%20country%20nationals%20returned%20following%20an%20order%20to%20leave&f=true,171,,Abschiebungen,,
DE,2004,29 324 000 000,23 334,,72 535,1-2-6,http://www.bamf.de/SharedDocs/Anlagen/DE/Publikationen/Migrationsberichte/migrationsbericht-2013.pdf?__blob=publicationFile,141,https://books.google.de/books?id=goubBAAAQBAJ&lpg=PA172&ots=2nR0YgqtAc&dq=Third%20country%20nationals%20returned%20following%20an%20order%20to%20leave&hl=fr&pg=PA172#v=twopage&q=Third%20country%20nationals%20returned%20following%20an%20order%20to%20leave&f=true,171,,Abschiebungen,,
DE,2005,22 335 000 000,17 773,,46 205,1-2-6,http://www.bamf.de/SharedDocs/Anlagen/DE/Publikationen/Migrationsberichte/migrationsbericht-2013.pdf?__blob=publicationFile,141,https://books.google.de/books?id=goubBAAAQBAJ&lpg=PA172&ots=2nR0YgqtAc&dq=Third%20country%20nationals%20returned%20following%20an%20order%20to%20leave&hl=fr&pg=PA172#v=twopage&q=Third%20country%20nationals%20returned%20following%20an%20order%20to%20leave&f=true,171,,Abschiebungen,,
DE,2006,17 460 000 000,13 894,,44 709,1-2-6,http://www.bamf.de/SharedDocs/Anlagen/DE/Publikationen/Migrationsberichte/migrationsbericht-2013.pdf?__blob=publicationFile,141,https://books.google.de/books?id=goubBAAAQBAJ&lpg=PA172&ots=2nR0YgqtAc&dq=Third%20country%20nationals%20returned%20following%20an%20order%20to%20leave&hl=fr&pg=PA172#v=twopage&q=Third%20country%20nationals%20returned%20following%20an%20order%20to%20leave&f=true,171,,Abschiebungen,13060,http://www.ccme.be/fileadmin/filer/ccme/20_Areas_of_Work/01_Refugee_Protection/2007-09-30_Monitoring_Forced_Returns.pdf
DE,2007,12 086 000 000,9 617,,28 712,1-2-6,http://www.bamf.de/SharedDocs/Anlagen/DE/Publikationen/Migrationsberichte/migrationsbericht-2013.pdf?__blob=publicationFile,141,https://books.google.de/books?id=goubBAAAQBAJ&lpg=PA172&ots=2nR0YgqtAc&dq=Third%20country%20nationals%20returned%20following%20an%20order%20to%20leave&hl=fr&pg=PA172#v=twopage&q=Third%20country%20nationals%20returned%20following%20an%20order%20to%20leave&f=true,171,,Abschiebungen,,
DE,2008,17 964 000 000,14 295,1-2-6,24 172,1-2-6,Eurostat: migr_eirtn_1_Data.csv,,https://books.google.de/books?id=goubBAAAQBAJ&lpg=PA172&ots=2nR0YgqtAc&dq=Third%20country%20nationals%20returned%20following%20an%20order%20to%20leave&hl=fr&pg=PA172#v=twopage&q=Third%20country%20nationals%20returned%20following%20an%20order%20to%20leave&f=true,171,,,,
DE,2009,14 955 000 000,11 900,1-2-6,24 037,1-2-6,Eurostat: migr_eirtn_1_Data.csv,,https://books.google.de/books?id=goubBAAAQBAJ&lpg=PA172&ots=2nR0YgqtAc&dq=Third%20country%20nationals%20returned%20following%20an%20order%20to%20leave&hl=fr&pg=PA172#v=twopage&q=Third%20country%20nationals%20returned%20following%20an%20order%20to%20leave&f=true,171,,,,
DE,2010,19 000 000,13 895,1-2-6,19 533,1-2-6,Eurostat: migr_eirtn_1_Data.csv,,https://books.google.de/books?id=goubBAAAQBAJ&lpg=PA172&ots=2nR0YgqtAc&dq=Third%20country%20nationals%20returned%20following%20an%20order%20to%20leave&hl=fr&pg=PA172#v=twopage&q=Third%20country%20nationals%20returned%20following%20an%20order%20to%20leave&f=true,171,,,,
DE,2011,10 000 000,11 295,1-2-6,14 075,1-2-6,https://books.google.de/books?id=goubBAAAQBAJ&lpg=PA172&ots=2nR0YgqtAc&dq=Third%20country%20nationals%20returned%20following%20an%20order%20to%20leave&hl=fr&pg=PA172#v=twopage&q=Third%20country%20nationals%20returned%20following%20an%20order%20to%20leave&f=true,171,Eurostat: migr_eirtn_1_Data.csv,,,,,
DE,2012,69 570 000 000,13 855,1-2-6,,,Eurostat: migr_eirtn_1_Data.csv,,,,,,,
DE,2013,63 000 000,19 180,1-2-6,,,Eurostat: migr_eirtn_1_Data.csv,,,,,,,
DK,2005,0,,,,,,,,,,,,
DK,2006,0,,,,,,,,,,,,
DK,2007,0,,,,,,,,,,,,
DK,2008,1 000 000,825,1-2-6,,,Eurostat: migr_eirtn_1_Data.csv,,,,,,,
DK,2009,0,800,1-2-6,,,Eurostat: migr_eirtn_1_Data.csv,,,,,,,
DK,2010,0,520,1-2-6,,,Eurostat: migr_eirtn_1_Data.csv,,,,,,,
DK,2011,0,455,1-2-6,,,Eurostat: migr_eirtn_1_Data.csv,,,,,,,
DK,2012,0,1 375,1-2-6,,,Eurostat: migr_eirtn_1_Data.csv,,,,,,,
DK,2013,0,2 070,1-2-6,,,Eurostat: migr_eirtn_1_Data.csv,,,,,,,
DK,2014,1 000 000,1 400,1-2-6,,,Eurostat: migr_eirtn_1_Data.csv,,,,,,,
EE,2004,0,,,,,,,,,,,,
EE,2005,0,,,,,,,,,,,,
EE,2006,0,,,,,,,,,,,,
EE,2007,0,,,,,,,,,,,,
EE,2008,1 000 000,95,1-2-6,,,Eurostat: migr_eirtn_1_Data.csv,,,,,,,
EE,2009,1 000 000,115,1-2-6,,,Eurostat: migr_eirtn_1_Data.csv,,,,,,,
EE,2010,1 000 000,80,1-2-6,,,Eurostat: migr_eirtn_1_Data.csv,,,,,,,
EE,2011,4 000 000,415,1-2-6,,,Eurostat: migr_eirtn_1_Data.csv,,,,,,,
EE,2012,4 000 000,480,1-2-6,,,Eurostat: migr_eirtn_1_Data.csv,,,,,,,
EE,2013,5 000 000,575,1-2-6,,,Eurostat: migr_eirtn_1_Data.csv,,,,,,,
EE,2014,4 000 000,445,1-2-6,,,Eurostat: migr_eirtn_1_Data.csv,,,,,,,
ES,2000,26 000 000,39 732,1-2-6,,,https://books.google.de/books?id=goubBAAAQBAJ&lpg=PA172&ots=2nR0YgqtAc&dq=Third%20country%20nationals%20returned%20following%20an%20order%20to%20leave&hl=fr&pg=PA172#v=twopage&q=Third%20country%20nationals%20returned%20following%20an%20order%20to%20leave&f=true,171,,,,,,
ES,2001,31 000 000,46 993,1-2-6,,,https://books.google.de/books?id=goubBAAAQBAJ&lpg=PA172&ots=2nR0YgqtAc&dq=Third%20country%20nationals%20returned%20following%20an%20order%20to%20leave&hl=fr&pg=PA172#v=twopage&q=Third%20country%20nationals%20returned%20following%20an%20order%20to%20leave&f=true,171,,,,,,
ES,2002,51 000 000,77 125,1-2-6,,,https://books.google.de/books?id=goubBAAAQBAJ&lpg=PA172&ots=2nR0YgqtAc&dq=Third%20country%20nationals%20returned%20following%20an%20order%20to%20leave&hl=fr&pg=PA172#v=twopage&q=Third%20country%20nationals%20returned%20following%20an%20order%20to%20leave&f=true,171,,,,,,
ES,2003,62 000 000,93 951,1-2-6,,,https://books.google.de/books?id=goubBAAAQBAJ&lpg=PA172&ots=2nR0YgqtAc&dq=Third%20country%20nationals%20returned%20following%20an%20order%20to%20leave&hl=fr&pg=PA172#v=twopage&q=Third%20country%20nationals%20returned%20following%20an%20order%20to%20leave&f=true,171,,,,,,
ES,2004,80 000 000,121 121,1-2-6,,,https://books.google.de/books?id=goubBAAAQBAJ&lpg=PA172&ots=2nR0YgqtAc&dq=Third%20country%20nationals%20returned%20following%20an%20order%20to%20leave&hl=fr&pg=PA172#v=twopage&q=Third%20country%20nationals%20returned%20following%20an%20order%20to%20leave&f=true,171,,,,,,
ES,2005,61 000 000,92 638,1-2-6,,,https://books.google.de/books?id=goubBAAAQBAJ&lpg=PA172&ots=2nR0YgqtAc&dq=Third%20country%20nationals%20returned%20following%20an%20order%20to%20leave&hl=fr&pg=PA172#v=twopage&q=Third%20country%20nationals%20returned%20following%20an%20order%20to%20leave&f=true,171,,,,,11 002,Spanish administration
ES,2006,35 000 000,52 814,1-2-6,,,https://books.google.de/books?id=goubBAAAQBAJ&lpg=PA172&ots=2nR0YgqtAc&dq=Third%20country%20nationals%20returned%20following%20an%20order%20to%20leave&hl=fr&pg=PA172#v=twopage&q=Third%20country%20nationals%20returned%20following%20an%20order%20to%20leave&f=true,171,,,,,7 214,Spanish administration
ES,2007,30 000 000,55 938,1-2-6,,,https://books.google.de/books?id=goubBAAAQBAJ&lpg=PA172&ots=2nR0YgqtAc&dq=Third%20country%20nationals%20returned%20following%20an%20order%20to%20leave&hl=fr&pg=PA172#v=twopage&q=Third%20country%20nationals%20returned%20following%20an%20order%20to%20leave&f=true,171,,,,,9 467,Spanish administration
ES,2008,29 000 000,29 785,1-2-6,46 246,1-2-6,Eurostat: migr_eirtn_1_Data.csv,,https://books.google.de/books?id=goubBAAAQBAJ&lpg=PA172&ots=2nR0YgqtAc&dq=Third%20country%20nationals%20returned%20following%20an%20order%20to%20leave&hl=fr&pg=PA172#v=twopage&q=Third%20country%20nationals%20returned%20following%20an%20order%20to%20leave&f=true,171,,,10 616,Spanish administration
ES,2009,10 000 000,28 865,1-2-6,38 129,1-2-6,Eurostat: migr_eirtn_1_Data.csv,,https://books.google.de/books?id=goubBAAAQBAJ&lpg=PA172&ots=2nR0YgqtAc&dq=Third%20country%20nationals%20returned%20following%20an%20order%20to%20leave&hl=fr&pg=PA172#v=twopage&q=Third%20country%20nationals%20returned%20following%20an%20order%20to%20leave&f=true,171,,,13 278,Spanish administration
ES,2010,22 000 000,21 955,1-2-6,30 163,1-2-6,Eurostat: migr_eirtn_1_Data.csv,,https://books.google.de/books?id=goubBAAAQBAJ&lpg=PA172&ots=2nR0YgqtAc&dq=Third%20country%20nationals%20returned%20following%20an%20order%20to%20leave&hl=fr&pg=PA172#v=twopage&q=Third%20country%20nationals%20returned%20following%20an%20order%20to%20leave&f=true,171,,,11 454,Spanish administration
ES,2011,19 000 000,23 350,1-2-6,30 792,1-2-6,Eurostat: migr_eirtn_1_Data.csv,,https://books.google.de/books?id=goubBAAAQBAJ&lpg=PA172&ots=2nR0YgqtAc&dq=Third%20country%20nationals%20returned%20following%20an%20order%20to%20leave&hl=fr&pg=PA172#v=twopage&q=Third%20country%20nationals%20returned%20following%20an%20order%20to%20leave&f=true,171,,,11 358,Spanish administration
ES,2012,9 000 000,18 865,1-2-6,26 457,1-2-6,Eurostat: migr_eirtn_1_Data.csv,,https://books.google.de/books?id=goubBAAAQBAJ&lpg=PA172&ots=2nR0YgqtAc&dq=Third%20country%20nationals%20returned%20following%20an%20order%20to%20leave&hl=fr&pg=PA172#v=twopage&q=Third%20country%20nationals%20returned%20following%20an%20order%20to%20leave&f=true,171,,,10 130,Spanish administration
ES,2013,9 000 000,17 285,1-2-6,,,Eurostat: migr_eirtn_1_Data.csv,,,,,,8 984,Spanish administration
ES,2014,9 000 000,15 150,1-2-6,,,Eurostat: migr_eirtn_1_Data.csv,,,,,,,
FI,2000,0,,,,,,,,,,,,
FI,2001,0,,,,,,,,,,,,
FI,2002,0,,,,,,,,,,,,
FI,2003,0,,,,,,,,,,,,
FI,2004,0,,,,,,,,,,,,
FI,2005,0,,,,,,,,,,,,
FI,2006,0,,,,,,,,,,,,
FI,2007,0,,,,,,,,,,,,
FI,2008,0,910,1-2-6,,,Eurostat: migr_eirtn_1_Data.csv,,,,,,,
FI,2009,0,1 720,1-2-6,,,Eurostat: migr_eirtn_1_Data.csv,,,,,,,
FI,2010,449 000 000,1 930,1-2-6,,,Eurostat: migr_eirtn_1_Data.csv,,,,,,,
FI,2011,281 000 000,3 235,1-2-6,,,Eurostat: migr_eirtn_1_Data.csv,,,,,,,
FI,2012,261 000 000,3 070,1-2-6,,,Eurostat: migr_eirtn_1_Data.csv,,,,,,,
FI,2013,111 000 000,3 155,1-2-6,,,Eurostat: migr_eirtn_1_Data.csv,,,,,,,
FI,2014,244 000 000,3 195,1-2-6,,,Eurostat: migr_eirtn_1_Data.csv,,,,,,,
FR,2000,2 000 000,9 000,1-2-6,,,https://books.google.de/books?id=goubBAAAQBAJ&lpg=PA172&ots=2nR0YgqtAc&dq=Third%20country%20nationals%20returned%20following%20an%20order%20to%20leave&hl=fr&pg=PA172#v=twopage&q=Third%20country%20nationals%20returned%20following%20an%20order%20to%20leave&f=true,171,,,6592,source APRF : http://www.ladocumentationfrancaise.fr/var/storage/rapports-publics/074000232/0000.pdf,,
FR,2001,2 000 000,9 000,1-2-6,,,https://books.google.de/books?id=goubBAAAQBAJ&lpg=PA172&ots=2nR0YgqtAc&dq=Third%20country%20nationals%20returned%20following%20an%20order%20to%20leave&hl=fr&pg=PA172#v=twopage&q=Third%20country%20nationals%20returned%20following%20an%20order%20to%20leave&f=true,171,,,6161,source APRF : http://www.ladocumentationfrancaise.fr/var/storage/rapports-publics/074000232/0000.pdf,,
FR,2002,3 000 000,9 000,1-2-6,,,https://books.google.de/books?id=goubBAAAQBAJ&lpg=PA172&ots=2nR0YgqtAc&dq=Third%20country%20nationals%20returned%20following%20an%20order%20to%20leave&hl=fr&pg=PA172#v=twopage&q=Third%20country%20nationals%20returned%20following%20an%20order%20to%20leave&f=true,171,,,7611,source APRF : http://www.ladocumentationfrancaise.fr/var/storage/rapports-publics/074000232/0000.pdf,,
FR,2003,3 000 000,12 870,1-2-6,,,https://books.google.de/books?id=goubBAAAQBAJ&lpg=PA172&ots=2nR0YgqtAc&dq=Third%20country%20nationals%20returned%20following%20an%20order%20to%20leave&hl=fr&pg=PA172#v=twopage&q=Third%20country%20nationals%20returned%20following%20an%20order%20to%20leave&f=true,171,,,9352,source APRF : http://www.ladocumentationfrancaise.fr/var/storage/rapports-publics/074000232/0000.pdf,,
FR,2004,2 000 000,16 850,1-2-6,,,https://books.google.de/books?id=goubBAAAQBAJ&lpg=PA172&ots=2nR0YgqtAc&dq=Third%20country%20nationals%20returned%20following%20an%20order%20to%20leave&hl=fr&pg=PA172#v=twopage&q=Third%20country%20nationals%20returned%20following%20an%20order%20to%20leave&f=true,171,,,12720,source APRF : http://www.ladocumentationfrancaise.fr/var/storage/rapports-publics/074000232/0000.pdf,,
FR,2005,5 000 000,19 841,1-2-6,,,https://books.google.de/books?id=goubBAAAQBAJ&lpg=PA172&ots=2nR0YgqtAc&dq=Third%20country%20nationals%20returned%20following%20an%20order%20to%20leave&hl=fr&pg=PA172#v=twopage&q=Third%20country%20nationals%20returned%20following%20an%20order%20to%20leave&f=true,171,,,14897,source APRF : http://www.ladocumentationfrancaise.fr/var/storage/rapports-publics/074000232/0000.pdf,,
FR,2006,6 000 000,23 831,1-2-6,,,https://books.google.de/books?id=goubBAAAQBAJ&lpg=PA172&ots=2nR0YgqtAc&dq=Third%20country%20nationals%20returned%20following%20an%20order%20to%20leave&hl=fr&pg=PA172#v=twopage&q=Third%20country%20nationals%20returned%20following%20an%20order%20to%20leave&f=true,171,,,,,12 386,http://www.ccme.be/fileadmin/filer/ccme/20_Areas_of_Work/01_Refugee_Protection/2007-09-30_Monitoring_Forced_Returns.pdf
FR,2007,6 000 000,23 196,1-2-6,,,https://books.google.de/books?id=goubBAAAQBAJ&lpg=PA172&ots=2nR0YgqtAc&dq=Third%20country%20nationals%20returned%20following%20an%20order%20to%20leave&hl=fr&pg=PA172#v=twopage&q=Third%20country%20nationals%20returned%20following%20an%20order%20to%20leave&f=true,171,,,,,,
FR,2008,3 000 000,19 470,1-2-6,29 796,1-2-6,Eurostat: migr_eirtn_1_Data.csv,,https://books.google.de/books?id=goubBAAAQBAJ&lpg=PA172&ots=2nR0YgqtAc&dq=Third%20country%20nationals%20returned%20following%20an%20order%20to%20leave&hl=fr&pg=PA172#v=twopage&q=Third%20country%20nationals%20returned%20following%20an%20order%20to%20leave&f=true,171,,,,
FR,2009,8 000 000,18 400,1-2-6,29 288,,Eurostat: migr_eirtn_1_Data.csv,,https://books.google.de/books?id=goubBAAAQBAJ&lpg=PA172&ots=2nR0YgqtAc&dq=Third%20country%20nationals%20returned%20following%20an%20order%20to%20leave&hl=fr&pg=PA172#v=twopage&q=Third%20country%20nationals%20returned%20following%20an%20order%20to%20leave&f=true,171,,,,
FR,2010,4 000 000,17 045,1-2-6,28 026,,Eurostat: migr_eirtn_1_Data.csv,,https://books.google.de/books?id=goubBAAAQBAJ&lpg=PA172&ots=2nR0YgqtAc&dq=Third%20country%20nationals%20returned%20following%20an%20order%20to%20leave&hl=fr&pg=PA172#v=twopage&q=Third%20country%20nationals%20returned%20following%20an%20order%20to%20leave&f=true,171,,,6 401,https://trello.com/c/1UMsdl8n/122-partially-answered-deportations-by-type-and-year-in-france-2000-2012
FR,2011,5 000 000,20 425,1-2-6,32 912,,Eurostat: migr_eirtn_1_Data.csv,,https://books.google.de/books?id=goubBAAAQBAJ&lpg=PA172&ots=2nR0YgqtAc&dq=Third%20country%20nationals%20returned%20following%20an%20order%20to%20leave&hl=fr&pg=PA172#v=twopage&q=Third%20country%20nationals%20returned%20following%20an%20order%20to%20leave&f=true,171,,,4 015,http://www.immigration.interieur.gouv.fr/Info-ressources/Actualites/Focus/Les-etrangers-en-France-Dixieme-rapport-etabli-en-application-de-l-article-L.-111-10-du-Code-de-l-entree-et-du-sejour-des-etrangers-et-du-droit-d-asile
FR,2012,6 000 000,22 760,1-2-6,,,Eurostat: migr_eirtn_1_Data.csv,,,,,,4 136,http://www.immigration.interieur.gouv.fr/Info-ressources/Actualites/L-actu-immigration/Les-etrangers-en-France-Onzieme-rapport-etabli-en-application-de-l-article-L.-111-10-du-code-de-l-entree-et-du-sejour-des-etrangers-et-du-droit-d-asile
FR,2013,5 000 000,20 140,1-2-6,,,Eurostat: migr_eirtn_1_Data.csv,,,,,,4 656,http://www.immigration.interieur.gouv.fr/Info-ressources/Actualites/L-actu-immigration/Les-etrangers-en-France-Onzieme-rapport-etabli-en-application-de-l-article-L.-111-10-du-code-de-l-entree-et-du-sejour-des-etrangers-et-du-droit-d-asile
FR,2014,5 000 000,19 525,1-2-6,,,Eurostat: migr_eirtn_1_Data.csv,,,,,,6 515,http://www.immigration.interieur.gouv.fr/content/download/76652/563797/file/Les-eloignements-2014-publication-15-janv-2015.pdf
GB,2000,116 000 000,13 265,,,,http://migrationobservatory.ox.ac.uk/briefings/deportations-removals-and-voluntary-departures-uk,,,,,Enforced removals and voluntary departures,,http://migrationobservatory.ox.ac.uk/briefings/deportations-removals-and-voluntary-departures-uk
GB,2001,126 000 000,14 465,,,,http://migrationobservatory.ox.ac.uk/briefings/deportations-removals-and-voluntary-departures-uk,,,,,Enforced removals and voluntary departures,,http://migrationobservatory.ox.ac.uk/briefings/deportations-removals-and-voluntary-departures-uk
GB,2002,157 000 000,17 935,,,,http://migrationobservatory.ox.ac.uk/briefings/deportations-removals-and-voluntary-departures-uk,,,,,Enforced removals and voluntary departures,,http://migrationobservatory.ox.ac.uk/briefings/deportations-removals-and-voluntary-departures-uk
GB,2003,197 000 000,22 615,,,,http://migrationobservatory.ox.ac.uk/briefings/deportations-removals-and-voluntary-departures-uk,,,,,Enforced removals and voluntary departures,,http://migrationobservatory.ox.ac.uk/briefings/deportations-removals-and-voluntary-departures-uk
GB,2004,195 000 000,22275,,22 280,,http://migrationobservatory.ox.ac.uk/briefings/deportations-removals-and-voluntary-departures-uk,,,,,Enforced removals and voluntary departures,9 000,http://www.ccme.be/fileadmin/filer/ccme/20_Areas_of_Work/01_Refugee_Protection/2007-09-30_Monitoring_Forced_Returns.pdf
GB,2005,209 000 000,23 950,,,,http://migrationobservatory.ox.ac.uk/briefings/deportations-removals-and-voluntary-departures-uk,,,,,Enforced removals and voluntary departures,,http://migrationobservatory.ox.ac.uk/briefings/deportations-removals-and-voluntary-departures-uk
GB,2006,186 000 000,21 320,,,,http://migrationobservatory.ox.ac.uk/briefings/deportations-removals-and-voluntary-departures-uk,,,,,Enforced removals and voluntary departures,,http://migrationobservatory.ox.ac.uk/briefings/deportations-removals-and-voluntary-departures-uk
GB,2007,185 000 000,21 180,,,,http://migrationobservatory.ox.ac.uk/briefings/deportations-removals-and-voluntary-departures-uk,,,,,Enforced removals and voluntary departures,,http://migrationobservatory.ox.ac.uk/briefings/deportations-removals-and-voluntary-departures-uk
GB,2008,414 000 000,47 455,1-2-6,,,Eurostat: migr_eirtn_1_Data.csv,,,,,,,
GB,2009,567 000 000,64 945,1-2-6,,,Eurostat: migr_eirtn_1_Data.csv,,,,,,,
GB,2010,468 000 000,53 615,1-2-6,,,Eurostat: migr_eirtn_1_Data.csv,,,,,,,
GB,2011,468 000 000,53 600,1-2-6,,,Eurostat: migr_eirtn_1_Data.csv,,,,,,,
GB,2012,473 000 000,54 180,1-2-6,,,Eurostat: migr_eirtn_1_Data.csv,,,,,,,
GB,2013,480 000 000,54 960,1-2-6,,,Eurostat: migr_eirtn_1_Data.csv,,,,,,,
GB,2014,407 000 000,46 610,1-2-6,,,Eurostat: migr_eirtn_1_Data.csv,,,,,,,
GR,2000,37 000 000,24 253,1-2-6,,,https://books.google.de/books?id=goubBAAAQBAJ&lpg=PA172&ots=2nR0YgqtAc&dq=Third%20country%20nationals%20returned%20following%20an%20order%20to%20leave&hl=fr&pg=PA172#v=twopage&q=Third%20country%20nationals%20returned%20following%20an%20order%20to%20leave&f=true,171,,,,,,
GR,2001,20 000 000,13 332,1-2-6,,,https://books.google.de/books?id=goubBAAAQBAJ&lpg=PA172&ots=2nR0YgqtAc&dq=Third%20country%20nationals%20returned%20following%20an%20order%20to%20leave&hl=fr&pg=PA172#v=twopage&q=Third%20country%20nationals%20returned%20following%20an%20order%20to%20leave&f=true,171,,,,,,
GR,2002,18 000 000,11 780,1-2-6,,,https://books.google.de/books?id=goubBAAAQBAJ&lpg=PA172&ots=2nR0YgqtAc&dq=Third%20country%20nationals%20returned%20following%20an%20order%20to%20leave&hl=fr&pg=PA172#v=twopage&q=Third%20country%20nationals%20returned%20following%20an%20order%20to%20leave&f=true,171,,,,,,
GR,2003,23 000 000,14 993,1-2-6,,,https://books.google.de/books?id=goubBAAAQBAJ&lpg=PA172&ots=2nR0YgqtAc&dq=Third%20country%20nationals%20returned%20following%20an%20order%20to%20leave&hl=fr&pg=PA172#v=twopage&q=Third%20country%20nationals%20returned%20following%20an%20order%20to%20leave&f=true,171,,,,,,
GR,2004,24 000 000,15 720,1-2-6,,,https://books.google.de/books?id=goubBAAAQBAJ&lpg=PA172&ots=2nR0YgqtAc&dq=Third%20country%20nationals%20returned%20following%20an%20order%20to%20leave&hl=fr&pg=PA172#v=twopage&q=Third%20country%20nationals%20returned%20following%20an%20order%20to%20leave&f=true,171,,,,,,
GR,2005,32 000 000,21 238,1-2-6,,,https://books.google.de/books?id=goubBAAAQBAJ&lpg=PA172&ots=2nR0YgqtAc&dq=Third%20country%20nationals%20returned%20following%20an%20order%20to%20leave&hl=fr&pg=PA172#v=twopage&q=Third%20country%20nationals%20returned%20following%20an%20order%20to%20leave&f=true,171,,,,,,
GR,2006,27 000 000,17 650,1-2-6,,,https://books.google.de/books?id=goubBAAAQBAJ&lpg=PA172&ots=2nR0YgqtAc&dq=Third%20country%20nationals%20returned%20following%20an%20order%20to%20leave&hl=fr&pg=PA172#v=twopage&q=Third%20country%20nationals%20returned%20following%20an%20order%20to%20leave&f=true,171,,,,,,
GR,2007,26 000 000,17 077,1-2-6,,,https://books.google.de/books?id=goubBAAAQBAJ&lpg=PA172&ots=2nR0YgqtAc&dq=Third%20country%20nationals%20returned%20following%20an%20order%20to%20leave&hl=fr&pg=PA172#v=twopage&q=Third%20country%20nationals%20returned%20following%20an%20order%20to%20leave&f=true,171,,,,,,
GR,2008,34 000 000,20 555,1-2-6,68 565,1-2-6,https://books.google.de/books?id=goubBAAAQBAJ&lpg=PA172&ots=2nR0YgqtAc&dq=Third%20country%20nationals%20returned%20following%20an%20order%20to%20leave&hl=fr&pg=PA172#v=twopage&q=Third%20country%20nationals%20returned%20following%20an%20order%20to%20leave&f=true,171,Eurostat: migr_eirtn_1_Data.csv,,,,,
GR,2009,29 000 000,20 342,1-2-6,62 850,1-2-6,https://books.google.de/books?id=goubBAAAQBAJ&lpg=PA172&ots=2nR0YgqtAc&dq=Third%20country%20nationals%20returned%20following%20an%20order%20to%20leave&hl=fr&pg=PA172#v=twopage&q=Third%20country%20nationals%20returned%20following%20an%20order%20to%20leave&f=true,171,Eurostat: migr_eirtn_1_Data.csv,,,,,
GR,2010,27 000 000,17 340,1-2-6,51 785,1-2-6,https://books.google.de/books?id=goubBAAAQBAJ&lpg=PA172&ots=2nR0YgqtAc&dq=Third%20country%20nationals%20returned%20following%20an%20order%20to%20leave&hl=fr&pg=PA172#v=twopage&q=Third%20country%20nationals%20returned%20following%20an%20order%20to%20leave&f=true,171,Eurostat: migr_eirtn_1_Data.csv,,,,,
GR,2011,16 000 000,10 585,1-2-6,11 357,1-2-6,Eurostat: migr_eirtn_1_Data.csv,,https://books.google.de/books?id=goubBAAAQBAJ&lpg=PA172&ots=2nR0YgqtAc&dq=Third%20country%20nationals%20returned%20following%20an%20order%20to%20leave&hl=fr&pg=PA172#v=twopage&q=Third%20country%20nationals%20returned%20following%20an%20order%20to%20leave&f=true,171,,,,
GR,2012,25 000 000,16 650,1-2-6,,,Eurostat: migr_eirtn_1_Data.csv,,,,,,6 826,http://ec.europa.eu/dgs/home-affairs/what-we-do/networks/european_migration_network/reports/docs/annual-policy/2012/11a.greece_annual_policy_report_2012_en_version_en.pdf
GR,2013,39 000 000,25 465,1-2-6,,,Eurostat: migr_eirtn_1_Data.csv,,,,,,,
GR,2014,41 000 000,27 055,1-2-6,,,Eurostat: migr_eirtn_1_Data.csv,,,,,,,
HR,2013,22 000 000,2 530,1-2-6,,,Eurostat: migr_eirtn_1_Data.csv,,,,,,,
HR,2014,20 000 000,2 245,1-2-6,,,Eurostat: migr_eirtn_1_Data.csv,,,,,,,
HU,2004,239 000 000,27 411,1-2-6,,,https://books.google.de/books?id=goubBAAAQBAJ&lpg=PA172&ots=2nR0YgqtAc&dq=Third%20country%20nationals%20returned%20following%20an%20order%20to%20leave&hl=fr&pg=PA172#v=twopage&q=Third%20country%20nationals%20returned%20following%20an%20order%20to%20leave&f=true,171,,,,,,
HU,2005,0,,,,,https://books.google.de/books?id=goubBAAAQBAJ&lpg=PA172&ots=2nR0YgqtAc&dq=Third%20country%20nationals%20returned%20following%20an%20order%20to%20leave&hl=fr&pg=PA172#v=twopage&q=Third%20country%20nationals%20returned%20following%20an%20order%20to%20leave&f=true,171,,,,,,
HU,2006,222 000 000,25 426,1-2-6,,,https://books.google.de/books?id=goubBAAAQBAJ&lpg=PA172&ots=2nR0YgqtAc&dq=Third%20country%20nationals%20returned%20following%20an%20order%20to%20leave&hl=fr&pg=PA172#v=twopage&q=Third%20country%20nationals%20returned%20following%20an%20order%20to%20leave&f=true,171,,,,,,
HU,2007,118 000 000,13 486,1-2-6,,,https://books.google.de/books?id=goubBAAAQBAJ&lpg=PA172&ots=2nR0YgqtAc&dq=Third%20country%20nationals%20returned%20following%20an%20order%20to%20leave&hl=fr&pg=PA172#v=twopage&q=Third%20country%20nationals%20returned%20following%20an%20order%20to%20leave&f=true,171,,,,,,
HU,2008,15 000 000,1 745,1-2-6,7 156,1-2-6,Eurostat: migr_eirtn_1_Data.csv,,https://books.google.de/books?id=goubBAAAQBAJ&lpg=PA172&ots=2nR0YgqtAc&dq=Third%20country%20nationals%20returned%20following%20an%20order%20to%20leave&hl=fr&pg=PA172#v=twopage&q=Third%20country%20nationals%20returned%20following%20an%20order%20to%20leave&f=true,171,,,,
HU,2009,20 000 000,2 245,1-2-6,,,Eurostat: migr_eirtn_1_Data.csv,,,,,,,
HU,2010,21 000 000,2 445,1-2-6,11 538,1-2-6,Eurostat: migr_eirtn_1_Data.csv,,https://books.google.de/books?id=goubBAAAQBAJ&lpg=PA172&ots=2nR0YgqtAc&dq=Third%20country%20nationals%20returned%20following%20an%20order%20to%20leave&hl=fr&pg=PA172#v=twopage&q=Third%20country%20nationals%20returned%20following%20an%20order%20to%20leave&f=true,171,,,,
HU,2011,40 000 000,4 610,1-2-6,13 577,1-2-6,Eurostat: migr_eirtn_1_Data.csv,,https://books.google.de/books?id=goubBAAAQBAJ&lpg=PA172&ots=2nR0YgqtAc&dq=Third%20country%20nationals%20returned%20following%20an%20order%20to%20leave&hl=fr&pg=PA172#v=twopage&q=Third%20country%20nationals%20returned%20following%20an%20order%20to%20leave&f=true,171,,,,
HU,2012,48 000 000,5 440,1-2-6,,,Eurostat: migr_eirtn_1_Data.csv,,,,,,,
HU,2013,38 000 000,4 395,1-2-6,,,Eurostat: migr_eirtn_1_Data.csv,,,,,,,
HU,2014,38 000 000,4 345,1-2-6,,,Eurostat: migr_eirtn_1_Data.csv,,,,,,,
IE,2000,0,,,,,,,,,,,,
IE,2001,0,,,,,,,,,,,,
IE,2002,0,,,,,,,,,,,,
IE,2003,0,,,,,,,,,,,,
IE,2004,0,,,,,,,,,,,,
IE,2005,0,,,,,,,,,,,,
IE,2006,0,,,,,,,,,,,,
IE,2007,0,,,,,,,,,,,,
IE,2008,6 000 000,690,1-2-6,,,Eurostat: migr_eirtn_1_Data.csv,,,,,,,
IE,2009,7 000 000,830,1-2-6,,,Eurostat: migr_eirtn_1_Data.csv,,,,,,,
IE,2010,7 000 000,805,1-2-6,,,Eurostat: migr_eirtn_1_Data.csv,,,,,,,
IE,2011,7 000 000,755,1-2-6,,,Eurostat: migr_eirtn_1_Data.csv,,,,,,,
IE,2012,7 000 000,745,1-2-6,,,Eurostat: migr_eirtn_1_Data.csv,,,,,,,
IE,2013,6 000 000,635,1-2-6,,,Eurostat: migr_eirtn_1_Data.csv,,,,,,,
IE,2014,3 000 000,345,1-2-6,,,Eurostat: migr_eirtn_1_Data.csv,,,,,,,
IS,2000,0,,,,,,,,,,,,
IS,2001,0,,,,,,,,,,,,
IS,2002,0,,,,,,,,,,,,
IS,2003,0,,,,,,,,,,,,
IS,2004,0,,,,,,,,,,,,
IS,2005,0,,,,,,,,,,,,
IS,2006,0,,,,,,,,,,,,
IS,2007,0,,,,,,,,,,,,
IS,2008,0,20,1-2-6,,,Eurostat: migr_eirtn_1_Data.csv,,,,,,,
IS,2009,0,15,1-2-6,,,Eurostat: migr_eirtn_1_Data.csv,,,,,,,
IS,2010,0,,,,,,,,,,,,
IS,2011,0,,,,,,,,,,,,
IS,2012,0,,,,,,,,,,,,
IS,2013,0,,,,,,,,,,,,
IS,2014,0,,,,,,,,,,,,
IT,2000,0,,,,,,,,,,,,
IT,2001,659 000 000,75 448,1-2-6,,,https://books.google.de/books?id=goubBAAAQBAJ&lpg=PA172&ots=2nR0YgqtAc&dq=Third%20country%20nationals%20returned%20following%20an%20order%20to%20leave&hl=fr&pg=PA172#v=twopage&q=Third%20country%20nationals%20returned%20following%20an%20order%20to%20leave&f=true,171,,,,,,
IT,2002,773 000 000,88 501,1-2-6,,,https://books.google.de/books?id=goubBAAAQBAJ&lpg=PA172&ots=2nR0YgqtAc&dq=Third%20country%20nationals%20returned%20following%20an%20order%20to%20leave&hl=fr&pg=PA172#v=twopage&q=Third%20country%20nationals%20returned%20following%20an%20order%20to%20leave&f=true,171,,,,,,
IT,2003,569 000 000,65 153,1-2-6,,,https://books.google.de/books?id=goubBAAAQBAJ&lpg=PA172&ots=2nR0YgqtAc&dq=Third%20country%20nationals%20returned%20following%20an%20order%20to%20leave&hl=fr&pg=PA172#v=twopage&q=Third%20country%20nationals%20returned%20following%20an%20order%20to%20leave&f=true,171,,,,,,
IT,2004,524 000 000,59 965,1-2-6,,,https://books.google.de/books?id=goubBAAAQBAJ&lpg=PA172&ots=2nR0YgqtAc&dq=Third%20country%20nationals%20returned%20following%20an%20order%20to%20leave&hl=fr&pg=PA172#v=twopage&q=Third%20country%20nationals%20returned%20following%20an%20order%20to%20leave&f=true,171,,,,,,
IT,2005,20 000 000,54 306,1-2-6,,,https://books.google.de/books?id=goubBAAAQBAJ&lpg=PA172&ots=2nR0YgqtAc&dq=Third%20country%20nationals%20returned%20following%20an%20order%20to%20leave&hl=fr&pg=PA172#v=twopage&q=Third%20country%20nationals%20returned%20following%20an%20order%20to%20leave&f=true,171,,,,,,
IT,2006,17 000 000,45 449,1-2-6,,,https://books.google.de/books?id=goubBAAAQBAJ&lpg=PA172&ots=2nR0YgqtAc&dq=Third%20country%20nationals%20returned%20following%20an%20order%20to%20leave&hl=fr&pg=PA172#v=twopage&q=Third%20country%20nationals%20returned%20following%20an%20order%20to%20leave&f=true,171,,,,,,
IT,2007,10 000 000,26 779,1-2-6,,,https://books.google.de/books?id=goubBAAAQBAJ&lpg=PA172&ots=2nR0YgqtAc&dq=Third%20country%20nationals%20returned%20following%20an%20order%20to%20leave&hl=fr&pg=PA172#v=twopage&q=Third%20country%20nationals%20returned%20following%20an%20order%20to%20leave&f=true,171,,,,,,
IT,2008,3 000 000,7 140,1-2-6,24 238,1-2-6,Eurostat: migr_eirtn_1_Data.csv,,https://books.google.de/books?id=goubBAAAQBAJ&lpg=PA172&ots=2nR0YgqtAc&dq=Third%20country%20nationals%20returned%20following%20an%20order%20to%20leave&hl=fr&pg=PA172#v=twopage&q=Third%20country%20nationals%20returned%20following%20an%20order%20to%20leave&f=true,171,,,,
IT,2009,2 000 000,5 315,1-2-6,18 361,1-2-6,Eurostat: migr_eirtn_1_Data.csv,,https://books.google.de/books?id=goubBAAAQBAJ&lpg=PA172&ots=2nR0YgqtAc&dq=Third%20country%20nationals%20returned%20following%20an%20order%20to%20leave&hl=fr&pg=PA172#v=twopage&q=Third%20country%20nationals%20returned%20following%20an%20order%20to%20leave&f=true,171,,,,
IT,2010,2 000 000,4 890,1-2-6,20 287,1-2-6,Eurostat: migr_eirtn_1_Data.csv,,https://books.google.de/books?id=goubBAAAQBAJ&lpg=PA172&ots=2nR0YgqtAc&dq=Third%20country%20nationals%20returned%20following%20an%20order%20to%20leave&hl=fr&pg=PA172#v=twopage&q=Third%20country%20nationals%20returned%20following%20an%20order%20to%20leave&f=true,171,,,,
IT,2011,2 000 000,6 180,1-2-6,25 163,1-2-6,Eurostat: migr_eirtn_1_Data.csv,,https://books.google.de/books?id=goubBAAAQBAJ&lpg=PA172&ots=2nR0YgqtAc&dq=Third%20country%20nationals%20returned%20following%20an%20order%20to%20leave&hl=fr&pg=PA172#v=twopage&q=Third%20country%20nationals%20returned%20following%20an%20order%20to%20leave&f=true,171,,,,
IT,2012,64 000 000,7 365,1-2-6,,,Eurostat: migr_eirtn_1_Data.csv,,,,,,,
IT,2013,51 000 000,5 869,1-2-6,,,Eurostat: migr_eirtn_1_Data.csv,,,,,,,
IT,2014,46 000 000,5 310,1-2-6,,,Eurostat: migr_eirtn_1_Data.csv,,,,,,,
LI,2012,0,5,1-2-6,,,Eurostat: migr_eirtn_1_Data.csv,,,,,,,
LI,2013,0,10,1-2-6,,,Eurostat: migr_eirtn_1_Data.csv,,,,,,,
LI,2014,0,,,,,,,,,,,,
LT,2004,0,,,,,,,,,,,,
LT,2005,0,,,,,,,,,,,,
LT,2006,0,,,,,,,,,,,,
LT,2007,0,,,,,,,,,,,,
LT,2008,7 000 000,855,1-2-6,,,Eurostat: migr_eirtn_1_Data.csv,,,,,,,
LT,2009,8 000 000,925,1-2-6,,,Eurostat: migr_eirtn_1_Data.csv,,,,,,,
LT,2010,11 000 000,1 235,1-2-6,,,Eurostat: migr_eirtn_1_Data.csv,,,,,,,
LT,2011,14 000 000,1 655,1-2-6,,,Eurostat: migr_eirtn_1_Data.csv,,,,,,,
LT,2012,16 000 000,1 825,1-2-6,,,Eurostat: migr_eirtn_1_Data.csv,,,,,,,
LT,2013,15 000 000,1 665,1-2-6,,,Eurostat: migr_eirtn_1_Data.csv,,,,,,,
LT,2014,17 000 000,1 930,1-2-6,,,Eurostat: migr_eirtn_1_Data.csv,,,,,,,
LU,2000,0,,,,,,,,,,,,
LU,2001,0,,,,,,,,,,,,
LU,2002,0,,,,,,,,,,,,
LU,2003,0,,,,,,,,,,,,
LU,2004,0,,,,,,,,,,,,
LU,2005,0,,,,,,,,,,,,
LU,2006,0,,,,,,,,,,,170,http://www.ccme.be/fileadmin/filer/ccme/20_Areas_of_Work/01_Refugee_Protection/2007-09-30_Monitoring_Forced_Returns.pdf
LU,2007,0,,,,,,,,,,,,
LU,2008,0,,,,,,,,,,,,
LU,2009,1 000 000,105,1-2-6,,,Eurostat: migr_eirtn_1_Data.csv,,,,,,,
LU,2010,1 000 000,75,1-2-6,,,Eurostat: migr_eirtn_1_Data.csv,,,,,,,
LU,2011,3 000 000,345,1-2-6,,,Eurostat: migr_eirtn_1_Data.csv,,,,,,,
LU,2012,9 000 000,1 010,1-2-6,,,Eurostat: migr_eirtn_1_Data.csv,,,,,,,
LU,2013,5 000 000,605,1-2-6,,,Eurostat: migr_eirtn_1_Data.csv,,,,,,,
LU,2014,5 000 000,605,1-2-6,,,Eurostat: migr_eirtn_1_Data.csv,,,,,,,
LV,2004,0,,,,,,,,,,,,
LV,2005,0,,,,,,,,,,,,
LV,2006,0,,,,,,,,,,,,
LV,2007,0,,,,,,,,,,,,
LV,2008,2 000 000,255,1-2-6,,,Eurostat: migr_eirtn_1_Data.csv,,,,,,,
LV,2009,2 000 000,205,1-2-6,,,Eurostat: migr_eirtn_1_Data.csv,,,,,,,
LV,2010,2 000 000,190,1-2-6,,,Eurostat: migr_eirtn_1_Data.csv,,,,,,,
LV,2011,9 000 000,1 055,1-2-6,,,Eurostat: migr_eirtn_1_Data.csv,,,,,,,
LV,2012,18 000 000,2 065,1-2-6,,,Eurostat: migr_eirtn_1_Data.csv,,,,,,,
LV,2013,18 000 000,2 070,1-2-6,,,Eurostat: migr_eirtn_1_Data.csv,,,,,,,
LV,2014,14 000 000,1 550,1-2-6,,,Eurostat: migr_eirtn_1_Data.csv,,,,,,,
MT,2004,0,,,,,,,,,,,,
MT,2005,0,,,,,,,,,,,,
MT,2006,0,,,,,,,,,,,,
MT,2007,0,,,,,,,,,,,,
MT,2008,3 000 000,305,1-2-6,,,Eurostat: migr_eirtn_1_Data.csv,,,,,,,
MT,2009,5 000 000,530,1-2-6,,,Eurostat: migr_eirtn_1_Data.csv,,,,,,,
MT,2010,2 000 000,270,1-2-6,,,Eurostat: migr_eirtn_1_Data.csv,,,,,,,
MT,2011,1 000 000,160,1-2-6,,,Eurostat: migr_eirtn_1_Data.csv,,,,,,,
MT,2012,5 000 000,570,1-2-6,,,Eurostat: migr_eirtn_1_Data.csv,,,,,,,
MT,2013,4 000 000,460,1-2-6,,,Eurostat: migr_eirtn_1_Data.csv,,,,,,,
MT,2014,2 000 000,175,1-2-6,,,Eurostat: migr_eirtn_1_Data.csv,,,,,,,
NL,2000,220 000 000,25 206,1-2-6,,,https://books.google.de/books?id=goubBAAAQBAJ&lpg=PA172&ots=2nR0YgqtAc&dq=Third%20country%20nationals%20returned%20following%20an%20order%20to%20leave&hl=fr&pg=PA172#v=twopage&q=Third%20country%20nationals%20returned%20following%20an%20order%20to%20leave&f=true,171,,,,,,
NL,2001,145 000 000,16 548,1-2-6,,,https://books.google.de/books?id=goubBAAAQBAJ&lpg=PA172&ots=2nR0YgqtAc&dq=Third%20country%20nationals%20returned%20following%20an%20order%20to%20leave&hl=fr&pg=PA172#v=twopage&q=Third%20country%20nationals%20returned%20following%20an%20order%20to%20leave&f=true,171,,,,,,
NL,2002,184 000 000,21 070,1-2-6,,,https://books.google.de/books?id=goubBAAAQBAJ&lpg=PA172&ots=2nR0YgqtAc&dq=Third%20country%20nationals%20returned%20following%20an%20order%20to%20leave&hl=fr&pg=PA172#v=twopage&q=Third%20country%20nationals%20returned%20following%20an%20order%20to%20leave&f=true,171,,,,,,
NL,2003,258 000 000,29 500,1-2-6,,,https://books.google.de/books?id=goubBAAAQBAJ&lpg=PA172&ots=2nR0YgqtAc&dq=Third%20country%20nationals%20returned%20following%20an%20order%20to%20leave&hl=fr&pg=PA172#v=twopage&q=Third%20country%20nationals%20returned%20following%20an%20order%20to%20leave&f=true,171,,,,,,
NL,2004,196 000 000,22 400,1-2-6,,,https://books.google.de/books?id=goubBAAAQBAJ&lpg=PA172&ots=2nR0YgqtAc&dq=Third%20country%20nationals%20returned%20following%20an%20order%20to%20leave&hl=fr&pg=PA172#v=twopage&q=Third%20country%20nationals%20returned%20following%20an%20order%20to%20leave&f=true,171,,,,,,
NL,2005,130 000 000,14 878,1-2-6,,,https://books.google.de/books?id=goubBAAAQBAJ&lpg=PA172&ots=2nR0YgqtAc&dq=Third%20country%20nationals%20returned%20following%20an%20order%20to%20leave&hl=fr&pg=PA172#v=twopage&q=Third%20country%20nationals%20returned%20following%20an%20order%20to%20leave&f=true,171,,,,,,
NL,2006,113 000 000,12 947,1-2-6,,,https://books.google.de/books?id=goubBAAAQBAJ&lpg=PA172&ots=2nR0YgqtAc&dq=Third%20country%20nationals%20returned%20following%20an%20order%20to%20leave&hl=fr&pg=PA172#v=twopage&q=Third%20country%20nationals%20returned%20following%20an%20order%20to%20leave&f=true,171,,,,,,
NL,2007,104 000 000,11 900,1-2-6,,,https://books.google.de/books?id=goubBAAAQBAJ&lpg=PA172&ots=2nR0YgqtAc&dq=Third%20country%20nationals%20returned%20following%20an%20order%20to%20leave&hl=fr&pg=PA172#v=twopage&q=Third%20country%20nationals%20returned%20following%20an%20order%20to%20leave&f=true,171,,,,,,
NL,2008,80 000 000,9 170,1-2-6,9350,1-2-6,https://books.google.de/books?id=goubBAAAQBAJ&lpg=PA172&ots=2nR0YgqtAc&dq=Third%20country%20nationals%20returned%20following%20an%20order%20to%20leave&hl=fr&pg=PA172#v=twopage&q=Third%20country%20nationals%20returned%20following%20an%20order%20to%20leave&f=true,171,Eurostat: migr_eirtn_1_Data.csv,,,,,
NL,2009,78 000 000,8 980,1-2-6,10 330,1-2-6,Eurostat: migr_eirtn_1_Data.csv,,https://books.google.de/books?id=goubBAAAQBAJ&lpg=PA172&ots=2nR0YgqtAc&dq=Third%20country%20nationals%20returned%20following%20an%20order%20to%20leave&hl=fr&pg=PA172#v=twopage&q=Third%20country%20nationals%20returned%20following%20an%20order%20to%20leave&f=true,171,,,,
NL,2010,90 000 000,10 355,1-2-6,11 780,1-2-6,Eurostat: migr_eirtn_1_Data.csv,,https://books.google.de/books?id=goubBAAAQBAJ&lpg=PA172&ots=2nR0YgqtAc&dq=Third%20country%20nationals%20returned%20following%20an%20order%20to%20leave&hl=fr&pg=PA172#v=twopage&q=Third%20country%20nationals%20returned%20following%20an%20order%20to%20leave&f=true,171,,,,
NL,2011,83 000 000,9 475,1-2-6,10 790,1-2-6,Eurostat: migr_eirtn_1_Data.csv,,https://books.google.de/books?id=goubBAAAQBAJ&lpg=PA172&ots=2nR0YgqtAc&dq=Third%20country%20nationals%20returned%20following%20an%20order%20to%20leave&hl=fr&pg=PA172#v=twopage&q=Third%20country%20nationals%20returned%20following%20an%20order%20to%20leave&f=true,171,,,,
NL,2012,84 000 000,9 635,1-2-6,10 090,1-2-6,Eurostat: migr_eirtn_1_Data.csv,,https://books.google.de/books?id=goubBAAAQBAJ&lpg=PA172&ots=2nR0YgqtAc&dq=Third%20country%20nationals%20returned%20following%20an%20order%20to%20leave&hl=fr&pg=PA172#v=twopage&q=Third%20country%20nationals%20returned%20following%20an%20order%20to%20leave&f=true,171,,,,
NL,2013,70 000 000,8 010,1-2-6,,,https://books.google.de/books?id=goubBAAAQBAJ&lpg=PA172&ots=2nR0YgqtAc&dq=Third%20country%20nationals%20returned%20following%20an%20order%20to%20leave&hl=fr&pg=PA172#v=twopage&q=Third%20country%20nationals%20returned%20following%20an%20order%20to%20leave&f=true,171,,,,,,
NL,2014,58 000 000,6 630,1-2-6,,,https://books.google.de/books?id=goubBAAAQBAJ&lpg=PA172&ots=2nR0YgqtAc&dq=Third%20country%20nationals%20returned%20following%20an%20order%20to%20leave&hl=fr&pg=PA172#v=twopage&q=Third%20country%20nationals%20returned%20following%20an%20order%20to%20leave&f=true,171,,,,,,
NO,2001,0,,,,,,,,,,,,
NO,2002,0,,,,,,,,,,,,
NO,2003,73 000 000,8 393,1-2-6,,,https://books.google.de/books?id=goubBAAAQBAJ&lpg=PA172&ots=2nR0YgqtAc&dq=Third%20country%20nationals%20returned%20following%20an%20order%20to%20leave&hl=fr&pg=PA172#v=twopage&q=Third%20country%20nationals%20returned%20following%20an%20order%20to%20leave&f=true,171,,,,,,
NO,2004,52 000 000,5 956,1-2-6,,,https://books.google.de/books?id=goubBAAAQBAJ&lpg=PA172&ots=2nR0YgqtAc&dq=Third%20country%20nationals%20returned%20following%20an%20order%20to%20leave&hl=fr&pg=PA172#v=twopage&q=Third%20country%20nationals%20returned%20following%20an%20order%20to%20leave&f=true,171,,,,,,
NO,2005,31 000 000,3 508,1-2-6,,,https://books.google.de/books?id=goubBAAAQBAJ&lpg=PA172&ots=2nR0YgqtAc&dq=Third%20country%20nationals%20returned%20following%20an%20order%20to%20leave&hl=fr&pg=PA172#v=twopage&q=Third%20country%20nationals%20returned%20following%20an%20order%20to%20leave&f=true,171,,,,,,
NO,2006,24 000 000,2 754,1-2-6,,,https://books.google.de/books?id=goubBAAAQBAJ&lpg=PA172&ots=2nR0YgqtAc&dq=Third%20country%20nationals%20returned%20following%20an%20order%20to%20leave&hl=fr&pg=PA172#v=twopage&q=Third%20country%20nationals%20returned%20following%20an%20order%20to%20leave&f=true,171,,,,,,
NO,2007,23 000 000,2 628,1-2-6,,,https://books.google.de/books?id=goubBAAAQBAJ&lpg=PA172&ots=2nR0YgqtAc&dq=Third%20country%20nationals%20returned%20following%20an%20order%20to%20leave&hl=fr&pg=PA172#v=twopage&q=Third%20country%20nationals%20returned%20following%20an%20order%20to%20leave&f=true,171,,,,,,
NO,2008,15 000 000,1 665,1-2-6,2 882,1-2-6,Eurostat: migr_eirtn_1_Data.csv,,https://books.google.de/books?id=goubBAAAQBAJ&lpg=PA172&ots=2nR0YgqtAc&dq=Third%20country%20nationals%20returned%20following%20an%20order%20to%20leave&hl=fr&pg=PA172#v=twopage&q=Third%20country%20nationals%20returned%20following%20an%20order%20to%20leave&f=true,171,,,,
NO,2009,38 000 000,4 359,1-2-6,,,https://books.google.de/books?id=goubBAAAQBAJ&lpg=PA172&ots=2nR0YgqtAc&dq=Third%20country%20nationals%20returned%20following%20an%20order%20to%20leave&hl=fr&pg=PA172#v=twopage&q=Third%20country%20nationals%20returned%20following%20an%20order%20to%20leave&f=true,171,,,,,,
NO,2010,50 000 000,5 733,1-2-6,,,https://books.google.de/books?id=goubBAAAQBAJ&lpg=PA172&ots=2nR0YgqtAc&dq=Third%20country%20nationals%20returned%20following%20an%20order%20to%20leave&hl=fr&pg=PA172#v=twopage&q=Third%20country%20nationals%20returned%20following%20an%20order%20to%20leave&f=true,171,,,,,,
NO,2011,39 000 000,4 415,1-2-6,6 556,1-2-6,Eurostat: migr_eirtn_1_Data.csv,,https://books.google.de/books?id=goubBAAAQBAJ&lpg=PA172&ots=2nR0YgqtAc&dq=Third%20country%20nationals%20returned%20following%20an%20order%20to%20leave&hl=fr&pg=PA172#v=twopage&q=Third%20country%20nationals%20returned%20following%20an%20order%20to%20leave&f=true,171,,,,
NO,2012,33 000 000,3 735,1-2-6,6 641,1-2-6,Eurostat: migr_eirtn_1_Data.csv,,https://books.google.de/books?id=goubBAAAQBAJ&lpg=PA172&ots=2nR0YgqtAc&dq=Third%20country%20nationals%20returned%20following%20an%20order%20to%20leave&hl=fr&pg=PA172#v=twopage&q=Third%20country%20nationals%20returned%20following%20an%20order%20to%20leave&f=true,171,,,,
NO,2013,44 000 000,5 050,1-2-6,,,Eurostat: migr_eirtn_1_Data.csv,,,,,,,
NO,2014,0,,,,,,,,,,,,
NO,2000,0,,,,,,,,,,,,
PL,2004,0,,,,,,,,,,,5 594,Zarząd do Spraw Cudzoziemców KGSG
PL,2005,0,,,,,,,,,,,4 897,Zarząd do Spraw Cudzoziemców KGSG
PL,2006,0,,,,,,,,,,,3 540,Zarząd do Spraw Cudzoziemców KGSG
PL,2007,0,,,,,,,,,,,2 893,Zarząd do Spraw Cudzoziemców KGSG
PL,2008,75 000 000,8 595,1-2-6,,,Eurostat: migr_eirtn_1_Data.csv,,,,,,4 890,Zarząd do Spraw Cudzoziemców KGSG
PL,2009,61 000 000,6 945,1-2-6,,,Eurostat: migr_eirtn_1_Data.csv,,,,,,1 880,Zarząd do Spraw Cudzoziemców KGSG
PL,2010,59 000 000,6 770,1-2-6,,,Eurostat: migr_eirtn_1_Data.csv,,,,,,2 097,Zarząd do Spraw Cudzoziemców KGSG
PL,2011,62 000 000,7 050,1-2-6,,,Eurostat: migr_eirtn_1_Data.csv,,,,,,2 214,Zarząd do Spraw Cudzoziemców KGSG
PL,2012,60 000 000,6 845,1-2-6,,,Eurostat: migr_eirtn_1_Data.csv,,,,,,1501,Zarząd do Spraw Cudzoziemców KGSG
PL,2013,74 000 000,8 465,1-2-6,,,Eurostat: migr_eirtn_1_Data.csv,,,,,,,Zarząd do Spraw Cudzoziemców KGSG
PL,2014,81 000 000,9 280,1-2-6,,,Eurostat: migr_eirtn_1_Data.csv,,,,,,1 650,Zarząd do Spraw Cudzoziemców KGSG
PT,2000,0,,,,,,,,,,,,
PT,2001,0,,,,,,,,,,,,
PT,2002,0,,,,,,,,,,,,
PT,2003,0,,,,,,,,,,,,
PT,2004,0,,,,,,,,,,,,
PT,2005,0,,,,,,,,,,,,
PT,2006,0,,,,,,,,,,,,
PT,2007,0,,,,,,,,,,,,
PT,2008,12 000 000,1 345,1-2-6,,,Eurostat: migr_eirtn_1_Data.csv,,,,,,,
PT,2009,11 000 000,1 220,1-2-6,,,Eurostat: migr_eirtn_1_Data.csv,,,,,,,
PT,2010,12 000 000,1 335,1-2-6,,,Eurostat: migr_eirtn_1_Data.csv,,,,,,,
PT,2011,11 000 000,1 245,1-2-6,,,Eurostat: migr_eirtn_1_Data.csv,,,,,,,
PT,2012,12 000 000,1 330,1-2-6,,,Eurostat: migr_eirtn_1_Data.csv,,,,,,,
PT,2013,10 000 000,1 135,1-2-6,,,Eurostat: migr_eirtn_1_Data.csv,,,,,,,
PT,2014,7 000 000,820,1-2-6,,,Eurostat: migr_eirtn_1_Data.csv,,,,,,,
RO,2007,0,,,,,,,,,,,,
RO,2008,33 000 000,3 820,1-2-6,,,Eurostat: migr_eirtn_1_Data.csv,,,,,,,
RO,2009,41 000 000,4 670,1-2-6,,,Eurostat: migr_eirtn_1_Data.csv,,,,,,,
RO,2010,26 000 000,3 015,1-2-6,,,Eurostat: migr_eirtn_1_Data.csv,,,,,,,
RO,2011,25 000 000,2 875,1-2-6,,,Eurostat: migr_eirtn_1_Data.csv,,,,,,,
RO,2012,25 000 000,2 890,1-2-6,,,Eurostat: migr_eirtn_1_Data.csv,,,,,,,
RO,2013,20 000 000,2 235,1-2-6,,,Eurostat: migr_eirtn_1_Data.csv,,,,,,,
RO,2014,18 000 000,2 085,1-2-6,,,Eurostat: migr_eirtn_1_Data.csv,,,,,,,
SE,2001,0,,,,,,,,,,,,
SE,2002,0,,,,,,,,,,,,
SE,2003,0,,,,,,,,,,,,
SE,2004,9 000 000,13 158,,,,Swidish migration board,,,,,,2 351,Swedish migration board
SE,2005,7 000 000,9 431,,,,Swidish migration board,,,,,,2 010,Swedish migration board
SE,2006,4 000 000,6 138,,,,Swidish migration board,,,,,,1 404,Swedish migration board
SE,2007,4 000 000,10 816,1-2-6,,,https://books.google.de/books?id=goubBAAAQBAJ&lpg=PA172&ots=2nR0YgqtAc&dq=Third%20country%20nationals%20returned%20following%20an%20order%20to%20leave&hl=fr&pg=PA172#v=twopage&q=Third%20country%20nationals%20returned%20following%20an%20order%20to%20leave&f=true,171,,,,,1 733,Swedish migration board
SE,2008,4 000 000,9 015,1-2-6,15 732,1-2-6,Eurostat: migr_eirtn_1_Data.csv,,https://books.google.de/books?id=goubBAAAQBAJ&lpg=PA172&ots=2nR0YgqtAc&dq=Third%20country%20nationals%20returned%20following%20an%20order%20to%20leave&hl=fr&pg=PA172#v=twopage&q=Third%20country%20nationals%20returned%20following%20an%20order%20to%20leave&f=true,171,,,1 667,Swedish migration board
SE,2009,5 000 000,11 980,1-2-6,22 007,1-2-6,Eurostat: migr_eirtn_1_Data.csv,,https://books.google.de/books?id=goubBAAAQBAJ&lpg=PA172&ots=2nR0YgqtAc&dq=Third%20country%20nationals%20returned%20following%20an%20order%20to%20leave&hl=fr&pg=PA172#v=twopage&q=Third%20country%20nationals%20returned%20following%20an%20order%20to%20leave&f=true,171,,,2 173,Swedish migration board
SE,2010,5 000 000,14 645,1-2-6,25 536,1-2-6,Eurostat: migr_eirtn_1_Data.csv,,https://books.google.de/books?id=goubBAAAQBAJ&lpg=PA172&ots=2nR0YgqtAc&dq=Third%20country%20nationals%20returned%20following%20an%20order%20to%20leave&hl=fr&pg=PA172#v=twopage&q=Third%20country%20nationals%20returned%20following%20an%20order%20to%20leave&f=true,171,,,2 169,Swedish migration board
SE,2011,6 000 000,13 470,1-2-6,24 323,1-2-6,Eurostat: migr_eirtn_1_Data.csv,,https://books.google.de/books?id=goubBAAAQBAJ&lpg=PA172&ots=2nR0YgqtAc&dq=Third%20country%20nationals%20returned%20following%20an%20order%20to%20leave&hl=fr&pg=PA172#v=twopage&q=Third%20country%20nationals%20returned%20following%20an%20order%20to%20leave&f=true,171,,,2 494,Swedish migration board
SE,2012,6 000 000,16 140,1-2-6,,,https://books.google.de/books?id=goubBAAAQBAJ&lpg=PA172&ots=2nR0YgqtAc&dq=Third%20country%20nationals%20returned%20following%20an%20order%20to%20leave&hl=fr&pg=PA172#v=twopage&q=Third%20country%20nationals%20returned%20following%20an%20order%20to%20leave&f=true,171,,,,,2 893,Swedish migration board
SE,2013,37 000 000,14 315,1-2-6,,,https://books.google.de/books?id=goubBAAAQBAJ&lpg=PA172&ots=2nR0YgqtAc&dq=Third%20country%20nationals%20returned%20following%20an%20order%20to%20leave&hl=fr&pg=PA172#v=twopage&q=Third%20country%20nationals%20returned%20following%20an%20order%20to%20leave&f=true,171,,,,,3 400,Swedish migration board
SE,2014,5 000 000,6 630,1-2-6,,,https://books.google.de/books?id=goubBAAAQBAJ&lpg=PA172&ots=2nR0YgqtAc&dq=Third%20country%20nationals%20returned%20following%20an%20order%20to%20leave&hl=fr&pg=PA172#v=twopage&q=Third%20country%20nationals%20returned%20following%20an%20order%20to%20leave&f=true,171,,,,,2 766,Swedish migration board
SE,2000,0,,,,,,,,,,,,
SI,2004,0,,,,,,,,,,,,
SI,2005,0,,,,,,,,,,,,
SI,2006,0,,,,,,,,,,,,
SI,2007,0,,,,,,,,,,,,
SI,2008,17 000 000,1 995,1-2-6,,,Eurostat: migr_eirtn_1_Data.csv,,,,,,,
SI,2009,19 000 000,2 220,1-2-6,,,Eurostat: migr_eirtn_1_Data.csv,,,,,,,
SI,2010,17 000 000,1 940,1-2-6,,,Eurostat: migr_eirtn_1_Data.csv,,,,,,,
SI,2011,15 000 000,1 745,1-2-6,,,Eurostat: migr_eirtn_1_Data.csv,,,,,,,
SI,2012,10 000 000,1 090,1-2-6,,,Eurostat: migr_eirtn_1_Data.csv,,,,,,,
SI,2013,8 000 000,885,1-2-6,,,Eurostat: migr_eirtn_1_Data.csv,,,,,,,
SI,2014,7 000 000,840,1-2-6,,,Eurostat: migr_eirtn_1_Data.csv,,,,,,,
SK,2004,0,,,,,,,,,,,,
SK,2005,0,,,,,,,,,,,,
SK,2006,0,,,,,,,,,,,,
SK,2007,0,,,,,,,,,,,,
SK,2008,11 000 000,1 295,1-2-6,,,Eurostat: migr_eirtn_1_Data.csv,,,,,,,
SK,2009,8 000 000,900,1-2-6,,,Eurostat: migr_eirtn_1_Data.csv,,,,,,,
SK,2010,5 000 000,600,1-2-6,,,Eurostat: migr_eirtn_1_Data.csv,,,,,,,
SK,2011,4 000 000,445,1-2-6,,,Eurostat: migr_eirtn_1_Data.csv,,,,,,,
SK,2012,3 000 000,320,1-2-6,,,Eurostat: migr_eirtn_1_Data.csv,,,,,,,
SK,2013,3 000 000,375,1-2-6,,,Eurostat: migr_eirtn_1_Data.csv,,,,,,,
SK,2014,6 000 000,695,1-2-6,,,Eurostat: migr_eirtn_1_Data.csv,,,,,,,